{"train_accuracy": [0.9789102673530579, 0.9946354627609253], "train_loss": [0.20490556955337524, 0.03492606058716774], "val_accuracy": [0.9948173761367798, 0.9956811666488647], "val_loss": [0.026973718777298927, 0.015936242416501045], "epoch": 1}